{"stats":{"minecraft:picked_up":{"minecraft:redstone":11},"minecraft:custom":{"minecraft:jump":5,"minecraft:open_chest":1,"minecraft:time_since_rest":17856,"minecraft:leave_game":3,"minecraft:play_time":17856,"minecraft:sprint_one_cm":129,"minecraft:time_since_death":17856,"minecraft:walk_one_cm":690,"minecraft:sneak_time":649,"minecraft:total_world_time":18248,"minecraft:fly_one_cm":262730,"minecraft:interact_with_lectern":1},"minecraft:used":{"minecraft:light_gray_wool":1,"minecraft:ochre_froglight":2,"minecraft:written_book":1,"minecraft:light_blue_wool":45,"minecraft:redstone":59}},"DataVersion":3700}