{"stats":{"minecraft:dropped":{"minecraft:light_blue_wool":1,"minecraft:redstone":1},"minecraft:custom":{"minecraft:time_since_rest":165436,"minecraft:open_chest":6,"minecraft:crouch_one_cm":660,"minecraft:play_time":165436,"minecraft:sprint_one_cm":13561,"minecraft:walk_one_cm":19857,"minecraft:sneak_time":8865,"minecraft:drop":2,"minecraft:jump":95,"minecraft:leave_game":6,"minecraft:time_since_death":165436,"minecraft:total_world_time":242930,"minecraft:inspect_dispenser":1,"minecraft:fly_one_cm":7829589},"minecraft:picked_up":{"minecraft:redstone_torch":8,"minecraft:redstone":42},"minecraft:used":{"minecraft:yellow_wool":301,"minecraft:glass":1,"minecraft:light_gray_wool":220,"minecraft:white_wool":1,"minecraft:lever":26,"minecraft:black_wool":2,"minecraft:repeater":46,"minecraft:comparator":5,"minecraft:written_book":10,"minecraft:redstone":370,"minecraft:brown_wool":19,"minecraft:lime_wool":19,"minecraft:green_wool":102,"minecraft:ochre_froglight":36,"minecraft:cyan_wool":145,"minecraft:spruce_sign":1,"minecraft:white_dye":1,"minecraft:glow_ink_sac":1,"minecraft:redstone_torch":260}},"DataVersion":3700}