{"stats":{"minecraft:picked_up":{"minecraft:redstone_torch":8,"minecraft:redstone":45},"minecraft:custom":{"minecraft:time_since_rest":1408347,"minecraft:open_chest":7,"minecraft:crouch_one_cm":660,"minecraft:play_time":1408347,"minecraft:sprint_one_cm":13616,"minecraft:walk_one_cm":19918,"minecraft:sneak_time":78417,"minecraft:drop":2,"minecraft:jump":104,"minecraft:leave_game":7,"minecraft:time_since_death":1408347,"minecraft:total_world_time":2302171,"minecraft:fly_one_cm":14349276,"minecraft:inspect_dispenser":1},"minecraft:dropped":{"minecraft:light_blue_wool":1,"minecraft:redstone":1},"minecraft:used":{"minecraft:deepslate_bricks":1,"minecraft:glass":51,"minecraft:light_gray_wool":221,"minecraft:white_wool":1,"minecraft:lever":35,"minecraft:black_wool":2,"minecraft:repeater":102,"minecraft:comparator":5,"minecraft:magenta_wool":2,"minecraft:written_book":26,"minecraft:yellow_stained_glass":2,"minecraft:redstone":409,"minecraft:brown_wool":19,"minecraft:lime_wool":19,"minecraft:stone_button":2,"minecraft:green_wool":102,"minecraft:ochre_froglight":36,"minecraft:cyan_wool":159,"minecraft:spruce_sign":9,"minecraft:white_dye":1,"minecraft:glow_ink_sac":1,"minecraft:redstone_torch":456,"minecraft:yellow_wool":302}},"DataVersion":3700}