{"stats":{"minecraft:picked_up":{"minecraft:redstone_torch":7,"minecraft:redstone":19},"minecraft:dropped":{"minecraft:light_blue_wool":1,"minecraft:redstone":1},"minecraft:custom":{"minecraft:time_since_rest":98755,"minecraft:crouch_one_cm":319,"minecraft:play_time":98755,"minecraft:sprint_one_cm":13071,"minecraft:walk_one_cm":13730,"minecraft:sneak_time":5625,"minecraft:drop":2,"minecraft:jump":54,"minecraft:leave_game":4,"minecraft:time_since_death":98755,"minecraft:total_world_time":153075,"minecraft:fly_one_cm":4836114,"minecraft:open_chest":5},"minecraft:used":{"minecraft:yellow_wool":199,"minecraft:redstone_torch":105,"minecraft:glass":1,"minecraft:light_gray_wool":95,"minecraft:white_wool":1,"minecraft:lever":21,"minecraft:black_wool":2,"minecraft:repeater":46,"minecraft:comparator":5,"minecraft:written_book":6,"minecraft:redstone":267,"minecraft:brown_wool":19,"minecraft:lime_wool":19,"minecraft:green_wool":102,"minecraft:cyan_wool":145,"minecraft:spruce_sign":1,"minecraft:white_dye":1,"minecraft:glow_ink_sac":1}},"DataVersion":3700}