{"stats":{"minecraft:picked_up":{"minecraft:redstone_torch":8,"minecraft:redstone":45},"minecraft:dropped":{"minecraft:light_blue_wool":1,"minecraft:redstone":1},"minecraft:custom":{"minecraft:time_since_rest":1488842,"minecraft:open_chest":8,"minecraft:crouch_one_cm":660,"minecraft:play_time":1488842,"minecraft:sprint_one_cm":17845,"minecraft:walk_one_cm":26573,"minecraft:sneak_time":82560,"minecraft:drop":2,"minecraft:jump":156,"minecraft:leave_game":10,"minecraft:time_since_death":1488842,"minecraft:total_world_time":2441531,"minecraft:fly_one_cm":18148569,"minecraft:inspect_dispenser":1},"minecraft:used":{"minecraft:deepslate_bricks":1,"minecraft:glass":77,"minecraft:light_gray_wool":222,"minecraft:white_wool":1,"minecraft:lever":35,"minecraft:black_wool":2,"minecraft:repeater":113,"minecraft:comparator":5,"minecraft:magenta_wool":2,"minecraft:written_book":26,"minecraft:yellow_stained_glass":2,"minecraft:redstone":426,"minecraft:light_blue_wool":4,"minecraft:brown_wool":19,"minecraft:lime_wool":19,"minecraft:stone_button":2,"minecraft:green_wool":106,"minecraft:ochre_froglight":36,"minecraft:redstone_block":28,"minecraft:cyan_wool":159,"minecraft:spruce_sign":9,"minecraft:white_dye":1,"minecraft:glow_ink_sac":1,"minecraft:redstone_torch":650,"minecraft:yellow_wool":302}},"DataVersion":3700}