{"stats":{"minecraft:used":{"minecraft:redstone_torch":722,"minecraft:glass":85,"minecraft:dark_oak_planks":1,"minecraft:lever":37,"minecraft:black_wool":2,"minecraft:polished_deepslate":1,"minecraft:yellow_stained_glass":2,"minecraft:birch_planks":1,"minecraft:iron_block":1,"minecraft:lime_wool":20,"minecraft:redstone":460,"minecraft:polished_andesite":1,"minecraft:brown_wool":19,"minecraft:mangrove_planks":1,"minecraft:oak_planks":1,"minecraft:stone_button":4,"minecraft:green_wool":106,"minecraft:spruce_planks":2,"minecraft:cherry_planks":1,"minecraft:stone":1,"minecraft:redstone_block":36,"minecraft:spruce_sign":45,"minecraft:white_dye":1,"minecraft:glow_ink_sac":1,"minecraft:crimson_planks":1,"minecraft:yellow_wool":308,"minecraft:deepslate_bricks":2,"minecraft:light_gray_wool":222,"minecraft:white_wool":1,"minecraft:repeater":147,"minecraft:comparator":5,"minecraft:magenta_wool":2,"minecraft:written_book":26,"minecraft:light_blue_wool":11,"minecraft:nether_bricks":1,"minecraft:ochre_froglight":36,"minecraft:acacia_planks":1,"minecraft:cyan_wool":159,"minecraft:smooth_stone":1,"minecraft:polished_diorite":1},"minecraft:picked_up":{"minecraft:redstone":45,"minecraft:redstone_torch":8},"minecraft:custom":{"minecraft:time_since_rest":3826426,"minecraft:sprint_one_cm":18271,"minecraft:walk_one_cm":28681,"minecraft:drop":2,"minecraft:fly_one_cm":23058736,"minecraft:open_chest":8,"minecraft:crouch_one_cm":660,"minecraft:play_time":3826426,"minecraft:sneak_time":242434,"minecraft:jump":160,"minecraft:leave_game":12,"minecraft:time_since_death":3826426,"minecraft:total_world_time":6016118,"minecraft:inspect_dispenser":1},"minecraft:dropped":{"minecraft:light_blue_wool":1,"minecraft:redstone":1}},"DataVersion":3700}