{"stats":{"minecraft:dropped":{"minecraft:light_blue_wool":1,"minecraft:redstone":1},"minecraft:custom":{"minecraft:time_since_rest":109079,"minecraft:open_chest":5,"minecraft:crouch_one_cm":352,"minecraft:play_time":109079,"minecraft:sprint_one_cm":13071,"minecraft:walk_one_cm":14275,"minecraft:sneak_time":6102,"minecraft:drop":2,"minecraft:jump":63,"minecraft:leave_game":5,"minecraft:time_since_death":109079,"minecraft:total_world_time":165041,"minecraft:fly_one_cm":5265851},"minecraft:picked_up":{"minecraft:redstone_torch":7,"minecraft:redstone":19},"minecraft:used":{"minecraft:yellow_wool":199,"minecraft:glass":1,"minecraft:light_gray_wool":129,"minecraft:white_wool":1,"minecraft:lever":23,"minecraft:black_wool":2,"minecraft:repeater":46,"minecraft:comparator":5,"minecraft:written_book":6,"minecraft:redstone":300,"minecraft:brown_wool":19,"minecraft:lime_wool":19,"minecraft:green_wool":102,"minecraft:cyan_wool":145,"minecraft:spruce_sign":1,"minecraft:white_dye":1,"minecraft:glow_ink_sac":1,"minecraft:redstone_torch":173}},"DataVersion":3700}