{"stats":{"minecraft:used":{"minecraft:redstone_torch":762,"minecraft:glass":96,"minecraft:dark_oak_planks":1,"minecraft:lever":37,"minecraft:black_wool":2,"minecraft:polished_deepslate":1,"minecraft:yellow_stained_glass":13,"minecraft:birch_planks":1,"minecraft:iron_block":1,"minecraft:lime_wool":20,"minecraft:redstone":650,"minecraft:polished_andesite":1,"minecraft:brown_wool":19,"minecraft:mangrove_planks":1,"minecraft:oak_planks":1,"minecraft:stone_button":5,"minecraft:green_wool":106,"minecraft:spruce_planks":2,"minecraft:cherry_planks":1,"minecraft:stone":2,"minecraft:redstone_block":126,"minecraft:spruce_sign":47,"minecraft:white_dye":1,"minecraft:glow_ink_sac":1,"minecraft:crimson_planks":1,"minecraft:yellow_wool":370,"minecraft:deepslate_bricks":2,"minecraft:light_gray_wool":223,"minecraft:white_wool":1,"minecraft:repeater":278,"minecraft:comparator":5,"minecraft:magenta_wool":2,"minecraft:written_book":26,"minecraft:light_blue_wool":11,"minecraft:nether_bricks":1,"minecraft:ochre_froglight":36,"minecraft:acacia_planks":1,"minecraft:cyan_wool":159,"minecraft:smooth_stone":1,"minecraft:polished_diorite":1},"minecraft:dropped":{"minecraft:light_blue_wool":1,"minecraft:redstone":1},"minecraft:picked_up":{"minecraft:redstone":49,"minecraft:redstone_torch":14},"minecraft:custom":{"minecraft:time_since_rest":6105581,"minecraft:sprint_one_cm":18801,"minecraft:walk_one_cm":32287,"minecraft:drop":2,"minecraft:fly_one_cm":29773007,"minecraft:open_chest":8,"minecraft:crouch_one_cm":660,"minecraft:play_time":6105581,"minecraft:sneak_time":340906,"minecraft:jump":168,"minecraft:leave_game":15,"minecraft:time_since_death":6105581,"minecraft:total_world_time":8743296,"minecraft:inspect_dispenser":1}},"DataVersion":3700}